X,Y
0,0
0.00014363344415642914,-0.00014363344415642914
0.00043211394841674713,-0.00014363344415642914
0.0008640482830707748,3.4466739491341783e-07
0.0011560385157278793,0.001460295830680436
0.0011560385157278793,0.003220588455250459
0.0010107504439216407,0.00539990953234404
0.0008643125498053404,0.007889353732321146
0.0009931681138607648,0.010595320577485058
0.0017261885313201082,0.014553630831765512
0.0027491854119719673,0.01908404558893803
0.00348602504451474,0.02424192301673744
0.00348602504451474,0.02955481239202532
0.002890451127753715,0.03521276460125505
0.0015344750592229835,0.04063666887537798
-0.0005681117172978754,0.04589313581668013
-0.0035202377522853805,0.05115562135731003
-0.0071939934603470505,0.05709014980879426
-0.011183628993629624,0.06335957707538116
-0.01618378939298193,0.06950263128029971
-0.022662220440592948,0.0751172715215626
-0.030390390627322204,0.08051240919909057
-0.03915762721686115,0.08518826871351134
-0.04943444819389088,0.08929899710432324
-0.060053756525413886,0.09202189667650862
-0.0721609467239306,0.09324621928085301
-0.08542645441438391,0.0933829770920948
-0.10007672787728146,0.0918768742127315
-0.1164328011354036,0.08899050834365112
-0.13323514481025972,0.08521323728496252
-0.15130244684869024,0.08014399426698561
-0.17080062229998122,0.07399356308436363
-0.19218074242802702,0.0666897953387579
-0.21689775759548902,0.05826029305621307
-0.24295419670536664,0.0490052737002456
-0.2700389427492854,0.039117191811195884
-0.2965335645948194,0.029470432062309156
-0.3235877625291242,0.01981792928172804
-0.350514732572392,0.010752064995803695
-0.38034761274928075,0.001001806596527868
-0.41061317498182104,-0.008410928069094716
-0.4422012042097925,-0.01766695523822124
-0.4743174700534358,-0.02661258179740955
-0.5124366047937517,-0.03694710277145079
-0.5482422433071422,-0.04697268155520011
-0.5869775375297593,-0.05738172537713688
-0.6263049449569765,-0.0678575849974873
-0.6660172974818667,-0.07825438115207227
-0.7058703277317789,-0.08868800709732827
-0.7461524138123721,-0.0991442081650567
-0.7867234912794445,-0.10992892496010127
-0.8283193262378516,-0.12181344923393188
-0.8629688394585937,-0.13134206536963594
-0.9062087913504842,-0.1436461167209869
-0.9484093254951136,-0.15546226628148316
-0.9872799645622619,-0.16617464712676022
-1.0311429625292872,-0.17899613884019838
-1.0717287323183342,-0.19059207306564038
-1.1136704340897623,-0.20283782540766318
-1.1569303586683246,-0.21603056836424597
-1.2005578460007558,-0.22945441062037866
-1.2437409113518205,-0.2435550033880733
-1.287806386428571,-0.2582434950803234
-1.3328290268336127,-0.27423838048737775
-1.3752193569551325,-0.2901174943765464
-1.4184689818884024,-0.30683699794499897
-1.4619038718551176,-0.32418320000838363
-1.505822719632395,-0.3423326292160282
-1.549794715333974,-0.3608985829566949
-1.5919530430267572,-0.37885244490788017
-1.630110734535616,-0.3960172317031273
-1.667645801353874,-0.4134840449749899
-1.7042029772326766,-0.4309571358187566
-1.7399843403806412,-0.4481668571944213
-1.775594697550184,-0.4649173736330564
-1.8123511620372479,-0.4825761732976601
-1.8494296661920144,-0.49973972115728704
-1.8870660773271253,-0.5168717075879647
-1.9245117753682384,-0.5332288536636857
-1.9629820385051509,-0.549716109293791
-2.0014672774121682,-0.5653639536845564
-2.039654651047662,-0.5801597995580872
-2.0803975436327193,-0.5958301428600322
-2.121833415195398,-0.6105331940596924
-2.1642113983592766,-0.6250585098437779
-2.205719809085636,-0.6381286322524239
-2.2502715726755187,-0.650965581083407
-2.2957404830678163,-0.662899281817598
-2.342471666060992,-0.6743156946009471
-2.390435362362486,-0.6854310908866902
-2.439570479798937,-0.6964675941878007
-2.4908347566969864,-0.7075723188571111
-2.543377863011141,-0.7189947332732318
-2.5971359315931704,-0.7307209975248359
-2.651186809571041,-0.7424447090862332
-2.7038921244602157,-0.7532827034155565
-2.757865417417025,-0.764444319239486
-2.8108033628105074,-0.7752760025908901
-2.861040964142494,-0.7855620396588636
-2.9104484315484784,-0.7956237427476204
-2.959016304996918,-0.8057609624393507
-3.0058635558234,-0.8161547254844543
-3.05081965156052,-0.8263251209135076
-3.096043305578701,-0.8365560459208994
-3.1396097932313847,-0.8462535697505665
-3.182122299941411,-0.855779783628733
-3.224528357442247,-0.865219005730248
-3.267978639677006,-0.874984704343272
-3.311733353216684,-0.8846923417523969
-3.3569527481641255,-0.894756846583959
-3.4042352175422645,-0.9051220726037913
-3.453136921550954,-0.91518590154471
-3.502938515339719,-0.9249759584433561
-3.549704199288556,-0.9332287261990333
-3.5968531677864712,-0.9411957264161326
-3.645629862174648,-0.9494377717282623
-3.6943146720689106,-0.9575741372174404
-3.7454060542977468,-0.965832744207855
-3.7981485302264186,-0.974069240448771
-3.8460975321169246,-0.9815571667713979
-3.8924523922526446,-0.9885421456959584
-3.9385618273352314,-0.9955671288802861
-3.9872331944617954,-1.00224751260354
-4.034190948576116,-1.0079675789687406
-4.079659584650526,-1.01313748219586
-4.125610651419527,-1.0179098481807711
-4.1704312603024505,-1.0221330666469433
-4.213198950124985,-1.0252557868562078
-4.257637804085561,-1.0277327065851578
-4.300954176487353,-1.0293370166741131
-4.342015452300409,-1.030331580448132
-4.382088926632187,-1.0307563875965253
-4.4207307360415085,-1.0303348405847872
-4.458426333231385,-1.0290829572832785
-4.489068011817734,-1.0275683495965007
-4.519065931260478,-1.0255526791201108
-4.551110145159268,-1.0225196876811307
-4.578625207512303,-1.018858885393817
-4.608404468248598,-1.0141850103903627
-4.635759476723194,-1.0092686724617486
-4.662823743866957,-1.003385136126148
-4.685933598120178,-0.9976369997890525
-4.709864452756877,-0.9909677452181692
-4.733536255524493,-0.983354007485895
-4.754708196192931,-0.9751896643523144
-4.773849372104111,-0.9662387547535609
-4.792029130866968,-0.9561722767609044
-4.8064750305947355,-0.9464040969449856
-4.818706836726321,-0.9352717790050038
-4.828513896052461,-0.9235309333328642
-4.834993282573516,-0.9122911812045045
-4.839004655961273,-0.899989636148715
-4.840131798875518,-0.8893944927548074
-4.839457248625855,-0.87684785811108
-4.835808910825212,-0.8642813612421972
-4.829742550067046,-0.8503146236826986
-4.821772508647502,-0.8372113352471783
-4.810645360728241,-0.8231169478827811
-4.797433898610774,-0.8093117121870009
-4.781187352700645,-0.7949579677421298
-4.762860802087044,-0.7810935337996663
-4.74605037417855,-0.7700168952553099
-4.721040956575298,-0.754500103311687
-4.702903941794342,-0.7444803538872428
-4.683561671485009,-0.7352516889684106
-4.6634013976582205,-0.7265028908926344
-4.642723408373799,-0.7183570163260441
-4.621415270454029,-0.7104137459772542
-4.600575755541391,-0.7020529825093099
-4.577252261990736,-0.6945333862279512
-4.554909168804442,-0.6879618882319822
-4.536449304057524,-0.682980654887576
-4.5184295161400625,-0.6782588922781877
-4.500443570439434,-0.6733536343598346
-4.482189244860217,-0.668375181929139
-4.461651705056978,-0.6622694268525003
-4.4406955134791835,-0.6556575803119128
-4.4222483768098115,-0.649959250136557
-4.391359062662043,-0.6407409731395789
-4.359499403567224,-0.6315226961426008
-4.327839698423472,-0.6220408555157919
-4.296099463661077,-0.612437399869734
-4.264329654311914,-0.6028249960153718
-4.233162605273883,-0.5932972452731756
-4.202935715124766,-0.5840569006161918
-4.172316449702184,-0.5755604552371509
-4.142159403656902,-0.5677419618180037
-4.113132837693919,-0.5599698212049646
-4.085057962418247,-0.5525149108210291
-4.057617547600782,-0.5456944608953008
-4.030177132783317,-0.5395084714277799
-4.003053948194956,-0.5330052517311553
-3.976882454293906,-0.5265020320345307
-3.959101886080143,-0.5220296191709463
-3.9413074753710116,-0.5181612690167873
-3.9241915107410166,-0.5145172249342722
-3.9076047327857797,-0.5113733258447175
-3.8895502586005657,-0.5083028370377083
-3.87310481180412,-0.5054277589264415
-3.8559351896977274,-0.5023834996877194
-3.8403835761465204,-0.49950357125231076
-3.82576856686399,-0.49685675854760053
-3.811868795327603,-0.49421465321423774
-3.798875212245771,-0.49156994161351086
-3.786883932990839,-0.4889432804433829
-3.776478946018972,-0.48637000409550196
-3.766950874939251,-0.4837918201562833
-3.759002941923944,-0.4805454813190452
-3.752232363508132,-0.4773266817443148
-3.7471589763469995,-0.47390991079906253
-3.7418662818871127,-0.46935573184520646
-3.7370617518186924,-0.4645512017767861
-3.7322795708786223,-0.4592785407402984
-3.7273691873886525,-0.45361271363648725
-3.722873024871743,-0.4471722646257794
-3.7185018484804253,-0.4400534916456328
-3.714154712938982,-0.43272546316148497
-3.7105672798906535,-0.42493207412546125
-3.707508676254606,-0.41722439296262115
-3.704958831816295,-0.4095748596476887
-3.702651497870189,-0.4016813487794316
-3.70043885829172,-0.39364597346814995
-3.698227954068637,-0.3851514467163045
-3.6953178229151016,-0.3761882427634145
-3.6916252422823277,-0.3658251938907914
-3.6873036729952116,-0.35434216692788334
-3.682718714478065,-0.3420743049495731
-3.6776020546720534,-0.32922025714422615
-3.6724461947831744,-0.31428148362003827
-3.666970232449131,-0.2978535966179083
-3.661586039177212,-0.28065044250519044
-3.6568681530668212,-0.26383541252200376
-3.6532228997827887,-0.24702021188920817
-3.6507272272488454,-0.22931282105313286
-3.648996964134802,-0.2118948390384293
-3.647947741656433,-0.19359173580465322
-3.6473769561102554,-0.17544075543620655
-3.64749027917934,-0.15742238745173007
-3.648360006978417,-0.13791563538672355
-3.6497838021768896,-0.11759419482670361
-3.652096562834222,-0.10052381854639289
-3.655505245242184,-0.0841401514887694
-3.6599107421685266,-0.06877463781884317
-3.6649838294852484,-0.05377125192470917
-3.6707157917666446,-0.03917097064190689
-3.677501008547822,-0.025277431518544308
-3.6865367392415234,-0.009805289919740603
-3.6970556146012177,0.004921135583831698
-3.7082490403279245,0.018471071989845426
-3.7200534007556865,0.031444180974811595
-3.7327422661095717,0.044133046328696836
-3.7462664261243215,0.056481192429120725
-3.7598373306276573,0.06816397108851438
-3.7734341901482935,0.07963262651026826
-3.787896312353499,0.09103771475339788
-3.8032087900317584,0.10231434560172846
-3.818846694500845,0.11395459028172537
-3.835586812483452,0.12577803025545478
-3.835586812483452,0.12577803025545478
-3.861457011958005,0.14036328674933865
-3.890878159321699,0.15710892003144103
-3.921846678454251,0.17495718869180507
-3.953997202133847,0.1936328605350999
-3.986265926268148,0.21254493328780352
-4.019598454494788,0.23157520649521154
-4.0532855840855415,0.25048727924791514
-4.086972713676295,0.2684537483629836
-4.121250845540571,0.2863020170233476
-4.15564717785955,0.3033228825007809
-4.189925309723826,0.31951634479528335
-4.2199896878076375,0.33277390040863086
-4.2497550935071535,0.34542679063629955
-4.278756388563004,0.35694646881179426
-4.308432323028695,0.36774725061379476
-4.337199730409918,0.37730176858878595
-4.3651643284602155,0.38614351650174755
-4.392717682421537,0.39467683134797793
-4.420033677896018,0.4025250837790786
-4.447695406892119,0.41050054578890344
-4.4750770779477484,0.4178023247370713
-4.50190809708433,0.42455976659369193
-4.528178916727394,0.43102796082399175
-4.554358445443414,0.43722837551989135
-4.5805439461434965,0.4436770436027473
-4.607022568120072,0.4506142471464257
-4.6340874326496335,0.45833310742741995
-4.660663761718373,0.4659542606162497
-4.687240090787113,0.4741616563580664
-4.713914126948017,0.482759880468541
-4.740588163108922,0.4919443471320025
-4.767359906361991,0.5012265208876285
-4.794229356707224,0.510606401735419
-4.821782756697609,0.520474818044032
-4.849922399240981,0.5303432343526449
-4.878550577245175,0.5405047719377513
-4.907569583618026,0.5502754811541997
-4.9400358805625775,0.5607344224517731
-4.972672129819922,0.5708854966354956
-5.005308379077267,0.5808182681486004
-5.036836470400754,0.5898414592681169
-5.066051309423485,0.5977917269365979
-5.095881627860736,0.6058044014682867
-5.125599383225145,0.6133978973184986
-5.155244761553316,0.620362208417815
-5.185001792960225,0.6270060739206155
-5.215314794571549,0.633979032757725
-5.243576066919621,0.6408385648810435
-5.273836221186395,0.64818326251861
-5.3040963754531685,0.655723818759845
-5.333964812512606,0.6634602336047484
-5.364029108175711,0.6713925070533202
-5.394093403838817,0.6795206391055605
-5.424059770200088,0.6879425590633034
-5.454221995165028,0.6963644790210463
-5.484384220129968,0.7047863989787891
-5.5147423036985765,0.7134041775402005
-5.545981750983692,0.7222178147052802
-5.577808774079814,0.73103145187036
-5.610419231590609,0.7398450890354398
-5.643225547705073,0.7486587262005195
-5.6764235810268735,0.7576682219692678
-5.709817472952342,0.766677717738016
-5.743603082085149,0.7758830721104326
-5.777388691217955,0.7852842850865177
-5.811174300350761,0.7944896394589344
-5.844959909483568,0.803694993831351
-5.878745518616374,0.8129003482037677
-5.912335269145512,0.8217139853688474
-5.945925019674649,0.8305276225339272
-5.978535477185445,0.8389495424916701
-6.010656288187069,0.8468818159402419
-6.042581240585025,0.8548140893888138
-6.074675341306191,0.8626881078887273
-6.1063000267675225,0.8698389125631047
-6.1363565129750555,0.876223460286927
-6.1666759389763826,0.8825483736580647
-6.196243942895598,0.8887993275067579
-6.224277071499542,0.8945764249555438
-6.251833324449453,0.8998026108598371
-6.27990785777004,0.9051270913171899
-6.308099374290165,0.9105108878748529
-6.335383829861545,0.9157578985616567
-6.361960154628481,0.9209047220200423
-6.3880940267245645,0.9260017538118315
-6.414136804042115,0.9316753588702978
-6.440589644081866,0.9380051455940955
-6.465768193680527,0.9443897063851845
-6.4904644001657035,0.9509216740424956
-6.5162855337423045,0.9583125057546388
-6.5402174649658305,0.9653360073093692
-6.565363125560597,0.9726626206481321
-6.5904940021402245,0.9802200944021506
-6.6150805067341985,0.9877225939657531
-6.639124661962129,0.9954058766513701
-6.662807250946031,1.0032699424590017
-6.68594749056389,1.0109532251446187
-6.708906947059734,1.0188172909522502
-6.731324054189534,1.0265005736378672
-6.753018028831276,1.0341838563234842
-6.7741696541069745,1.0416863558870866
-6.794778930016629,1.0486465060846455
-6.8148458565602406,1.0556066562822044
-6.8347319999818374,1.0625668064797633
-6.854618143403434,1.0695269566773222
-6.874323503703017,1.0764871068748811
-6.893848080880584,1.08344725707244
-6.913372658058152,1.0902266241479845
-6.932716452113705,1.0968252081015144
-6.951879463047244,1.1032430089330298
-6.970680907736754,1.1091184603985016
-6.989301569304249,1.114813128741959
-7.008103013993759,1.1203270139634016
-7.03113209976695,1.1268305983715712
-7.054474947999188,1.1332446242371863
-7.078568532189326,1.1394251523555259
-7.103428241979939,1.1455878535221065
-7.128705762019134,1.151750554688687
-7.15419218718262,1.1577043507309768
-7.179887517470396,1.1636581467732665
-7.205791752882464,1.1696119428155562
-7.2319048934188235,1.175565738857846
-7.257933848086933,1.1817085721595197
-7.283962802755042,1.1880596370985386
-7.3096869489699685,1.1943363287749806
-7.335690775903202,1.2004245263506186
-7.361694602836435,1.2063063443474213
-7.387492050190834,1.211981782765389
-7.413495877124067,1.2176572211833565
-7.439293324478466,1.2229199004436537
-7.46570991056937,1.2279762001251158
-7.491713737502603,1.2324133610700723
-7.517717564435836,1.2364377628573584
-7.543515011790235,1.2400494054869742
-7.5693124591446335,1.2430419093800844
-7.594903526920197,1.2456216541155243
-7.62049459469576,1.2477886396932938
-7.645879282892488,1.249542866113393
-7.671263971089216,1.251297092533492
-7.696855038864779,1.2534640781112616
-7.722239727061507,1.2560438228467015
-7.74783079483707,1.2590363267398117
-7.773215483033798,1.2626479693694275
-7.798187412072856,1.2664659915778784
-7.822952961533079,1.2704903933651646
-7.847512131414466,1.2745147951524507
-7.871864921717018,1.2783328173609017
-7.89621771201957,1.2811189416751767
-7.920983261479792,1.2836986864106166
-7.945748810940015,1.286897569882562
-7.9701016012425665,1.290715592091013
-7.994867150702789,1.2949463734571343
-8.019632700163012,1.2993835344020908
-8.044398249623233,1.303407936189377
-8.069163799083455,1.306194060503652
-8.094342107701348,1.3083610460814215
-8.119210846950988,1.3106312214486084
-8.143460447464122,1.3131077763946306
-8.167710047977256,1.3149651926041472
-8.19237240764806,1.3151715721829824
-8.21765390605537,1.3153779517618176
-8.243967302356856,1.315790710919488
-8.271312596552518,1.3162034700771583
-8.301134445694203,1.3159970904983231
-8.333020090624238,1.315790710919488
-8.364905735554274,1.3155843313406528
-8.398236037536156,1.3164098496559935
-8.43197909867571,1.3172353679713342
-8.466341298551768,1.318060886286675
-8.501116257585497,1.3188864046020157
-8.536097596198061,1.3201246820750268
-8.56599517506878,1.3212745889546698
-8.596184747421509,1.3226064818525842
-8.626391702002666,1.3244505110566664
-8.657176137518743,1.3267571258215598
-8.687847276157369,1.3296019850576062
-8.718232832388887,1.332948799946875
-8.748738679617572,1.33630886427931
-8.77952778219946,1.3393431526496988
-8.810527621684107,1.3416525962789274
-8.842193000190703,1.3434365612652144
-8.876135782478512,1.3445403915835172
-8.910364371736183,1.34508804901164
-8.945028739035303,1.34508804901164
-8.97964799070275,1.3436265502605076
-9.013740244001662,1.340077219780073
-9.04453116307847,1.3359086030435205
-9.072641011195714,1.332062956069826
-9.101634720900131,1.3285203162988684
-9.130195400243526,1.3255625760432417
-9.157522151192117,1.3233691244620838
-9.18375217635013,1.3220896110397418
-9.207454897242517,1.321077395200921
-9.230411421568332,1.3200533123313678
-9.252412106420985,1.319041786591016
-9.273231834909474,1.3187099980892074
-9.29392612820036,1.3183775596427674
-9.313789325375145,1.3178789019731074
-9.332987645657052,1.3173802443034475
-9.35218596593896,1.3175464635266674
-9.371384286220866,1.3178789019731074
-9.389917729609893,1.3188762173124273
-9.40845117299892,1.320538409544627
-9.426984616387946,1.3226992594464868
-9.445019402107313,1.3258574246876662
-9.46272174938024,1.3295142475985056
-9.480424096653167,1.3333372897325648
-9.497794005479653,1.337658989536284
-9.51449903741326,1.343144223902543
-9.530206754007548,1.348795677492022
-9.545249593708956,1.354945788751161
-9.559461337294264,1.3619269961263998
-9.572675765540252,1.3700717380641785
-9.58505909767014,1.379380014564497
-9.596777552907147,1.3900180448505752
-9.607498692804835,1.402318267368853
-9.617388736586424,1.4151171475567907
-9.627112561144791,1.4289133430840484
-9.63600528958706,1.4440392923970657
-9.643568264243568,1.4594976801565231
-9.650798800453636,1.4744574102463206
-9.658527994333365,1.4885860442200183
-9.665924749766655,1.502382239747276
-9.671991751414183,1.5143500238191139
-9.676230341606292,1.5224947657568926
-9.678141862673321,1.5266502463373919
-9.677560095392051,1.5268164655606118
-9.675149916655363,1.5233258618729923
-9.670609108531261,1.5159338486477112
-9.665434699273565,1.5070634327773738
-9.660662661502364,1.4956105421264918
-9.655678533163554,1.4826730175023475
-9.650270223689526,1.469523402310594
-9.644861914215499,1.455525424848405
-9.639241514173863,1.4408911756833893
-9.63319693299701,1.4273173793564182
-9.627576532955374,1.4137435830294471
-9.621956132913738,1.400381877270085
-9.616335732872102,1.3878685337811585
-9.610079061127639,1.3757793714274498
-9.603398208247958,1.3645385713441769
-9.59608108366545,1.3543582240989485
-9.588551868515333,1.3452383296917647
-9.58038638166239,1.3371788881226256
-9.571584623106618,1.3299678088239222
-9.56235868341563,1.3238171823632634
-9.552920653157033,1.3185149181730402
-9.543482622898436,1.313636835118035
-9.53404459263984,1.3093950237658565
-9.52503074351646,1.3053653029812868
-9.516759211379712,1.3018658086157395
-9.50912395094579,1.299214676520628
-9.502124962214696,1.2971998161283433
-9.495550154618819,1.2958212274388854
-9.489187437590552,1.2947607746008407
-9.48346099226511,1.294124502898014
-9.478158728074886,1.2934882311951872
-9.473280645019882,1.2930640500599693
-9.468826743100095,1.2924277783571425
-9.464797022315526,1.291579416086707
-9.460979392098565,1.2900947821134445
-9.457585943016822,1.2877617858697463
-9.45480624321444,1.2835922361661747
-9.452423643383828,1.2788270365049499
-9.4502395935391,1.2726719869425345
-9.448651193652026,1.2653256374648127
-9.447261343750835,1.2571850880435536
-9.445871493849644,1.248250338678757
-9.444300474192357,1.2390205981921876
-9.442729454535069,1.2299872351627792
-9.440765679963459,1.221150249590532
-9.438605527934687,1.2125096414754457
-9.436052620991592,1.2044581657318427
-9.433303336591338,1.197584954731206
-9.430357674733923,1.1920863859306967
-9.427215635419346,1.1883552142446367
-9.423877218647608,1.1869805720445095
-9.42053880187587,1.1873733269588316
-9.417200385104131,1.1897298564447643
-9.414058345789554,1.1940501605023073
-9.410916306474977,1.1995487293028166
-9.4077742671604,1.2066183177606145
-9.404828605302985,1.2152589258757007
-9.40207932090273,1.225077798733753
-9.399722791416798,1.236467691249094
-9.397562639388026,1.2487412823216595
-9.395402487359254,1.2619967606800304
-9.393045957873321,1.2760377488670456
-9.390689428387388,1.2908642468827047
-9.388332898901455,1.3064762547270081
-9.385976369415522,1.3228737723999557
-9.383423462472427,1.3398604224443866
-9.38028142315785,1.3574362048603006
-9.376943006386112,1.3754047421905367
-9.373211834700053,1.3935696569779337
-9.369284285556832,1.4119309492224918
-9.36516035895645,1.43029224146705
-9.360643677441745,1.4488499111687692
-9.355734241012719,1.4674075808704883
-9.350628427126532,1.4859652505722074
-9.345129858326022,1.5041301653596044
-9.339434912068352,1.5222950801470014
-9.333739965810683,1.5406563723915596
-9.328045019553013,1.55941041955044
-9.322153695838182,1.5780662779807397
-9.31626237212335,1.5969185138682005
-9.309781916037036,1.6155743722985003
-9.302515950122077,1.634033853271639
-9.294464474378474,1.6526897117019388
-9.285627488806227,1.6709528152179165
-9.276201370862497,1.689019541276733
-9.26579336563296,1.7068898898783886
-9.254207095660458,1.7247602384800442
-9.24144256094499,1.7426305870816998
-9.227499761486555,1.7605009356833554
-9.212378697285155,1.778567661742172
-9.19647212325511,1.7966343878009885
-9.179583661939258,1.8152902462312883
-9.161909690794763,1.8347316144902321
-9.142861077450142,1.8543693602063371
-9.123026954276876,1.8745962382939252
-9.102210943817804,1.8954122487529965
-9.080413046072927,1.916817391583551
-9.058026015956568,1.9382225344141053
-9.035638985840208,1.9600204321589818
-9.012662823352365,1.9818183299038583
-8.989097528493039,2.003812605105896
-8.96513947871939,2.026003257765095
-8.94078867403142,2.0479975329671323
-8.915259604600484,2.0688135434262036
-8.889828723898129,2.0893349876995333
-8.864594220652934,2.1092672996013797
-8.839163339950579,2.129003234046065
-8.813732459248223,2.1485427910335897
-8.788301578545868,2.168082348021114
-8.762968886572093,2.1872291500943164
-8.737439817141157,2.20657232962468
-8.711714370253059,2.225620942969302
-8.6857925459078,2.2450623112282457
-8.660067099019702,2.2641109245728677
-8.634341652131605,2.2829631604603287
-8.608812582700669,2.30191358507637
-8.583283513269732,2.3204712547780892
-8.557950821295957,2.3386361695654863
-8.532814506779342,2.3566047068957223
-8.507874569719888,2.3745732442259584
-8.482934632660434,2.3921490266418726
-8.458191073058142,2.4093320541434644
-8.434036645827334,2.425925949273573
-8.409882218596525,2.442028900760779
-8.385924168822877,2.457542719876502
-8.36235887396355,2.472663784077903
-8.338989956561386,2.486901149722079
-8.310215625208114,2.5043889976566107
-8.283246682948056,2.5200821321613867
-8.25573823075093,2.5355107857849917
-8.228731181474874,2.549953686050013
-8.202667036425373,2.5634390480538856
-8.176855012445172,2.5765695124264227
-8.150438064601298,2.5895482737584126
-8.125006584359364,2.6016005839600247
-8.09998372813025,2.6132491549632326
-8.075018931168072,2.624557994612766
-8.049783680073576,2.6356786137391546
-8.024189802415467,2.646982576371486
-7.998382642454477,2.6582865389990276
-7.972575482493486,2.669590501626569
-7.946685193601952,2.6810501376933136
-7.92083024603393,2.6924010902841524
-7.894765095640151,2.703541840049235
-7.868489742420617,2.7146825898143176
-7.842214389201082,2.7258233395794003
-7.815518630330035,2.736964089344483
-7.788822871458988,2.7481048391095655
-7.761706706936429,2.7588251832231356
-7.734170136762357,2.7693353245109495
-7.706002958111015,2.7796352629730072
-7.677205170982405,2.7897249986093087
-7.647776775376526,2.799604531419854
-7.617507568467622,2.809273861404643
-7.586397550255693,2.818732988563675
-7.554596820063808,2.827878296592714
-7.522438763851138,2.8366301726505925
-7.48928234496822,2.845376958000074
-7.4551088580214095,2.8539203297367766
-7.420121716623484,2.862056874247922
-7.383746638626623,2.8705306140085542
-7.346407093415932,2.879035732639878
-7.3070841752166125,2.887797904629944
-7.267120122481434,2.8965600766200095
-7.22602590144433,2.905342746551422
-7.184039560024191,2.914003114625028
-7.141176219305459,2.9227731076109578
-7.09787437893743,2.9313238507722392
-7.0538051641831325,2.9398745939335207
-7.009078199954891,2.9486445869194506
-6.963693486252703,2.957195330080732
-6.917212523427275,2.965965323066662
-6.87029306095255,2.9745160662279435
-6.82271584900388,2.982847559564577
-6.774700137405914,2.990959803076562
-6.7264651759833,2.9986335469392507
-6.677572465086741,3.0056495413279944
-6.628241254540885,3.01244628589209
-6.578910043995029,3.0188045308068894
-6.529359583624526,3.024724276072392
-6.479589873429374,3.0304247715132466
-6.429820163234222,3.0359060171294527
-6.3798312032144215,3.041387262745659
-6.329842243194621,3.046868508361865
-6.280072532999469,3.052130504153423
-6.230741322453613,3.057392499944981
-6.181848611557054,3.0624352459118906
-6.133175150485144,3.0674779918788
-6.085159438887178,3.0720822381964132
-6.038020726587805,3.076467234689378
-5.991978263411673,3.0810714810069912
-5.947032049358783,3.0856757273246043
-5.903182084429134,3.090718473291514
-5.860209118798077,3.09619971890772
-5.817893902640966,3.1019002143485745
-5.7762364359578,3.1082584592633737
-5.735455968573226,3.114835954002821
-5.695114000837949,3.1218519483915648
-5.654772033102671,3.129087192604957
-5.614649315192042,3.136760936467646
-5.575184346755358,3.144873179979631
-5.53615787796797,3.1534239231409122
-5.497131409180581,3.1626324157761387
-5.458104940393193,3.1722794080606618
-5.418859221781157,3.1825841498191294
-5.379394253344473,3.1933273912268936
-5.339929284907789,3.2047283821086023
-5.300245066646456,3.2163486228149596
-5.260122348735827,3.228188113345965
-5.219780381000549,3.2402468537016182
-5.179438413265272,3.2523055940572716
-5.1496637712553746,3.2615292603320767
-5.120403261119162,3.270803083216778
-5.089857196543423,3.280597745227477
-5.060230664190396,3.2903113623924036
-5.03145968468339,3.2997444704274876
-5.002673979856371,3.3092866930220795
-4.974034287493712,3.3186741477409507
-4.945618351822321,3.327885907106951
-4.917141026860849,3.337117567396659
-4.888423256734048,3.346533229733315
-4.859279716632353,3.356406997418042
-4.8302039877077965,3.3665755583534063
-4.800781275929492,3.377449169227997
-4.771380692479685,3.388830040240826
-4.741980109029877,3.4003689789066107
-4.713622096463418,3.411894160484423
-4.684960789644911,3.4240259305663305
-4.655541247196284,3.4366126420263097
-4.625818410495611,3.4496542948643603
-4.5950340439127695,3.464515713214697
-4.504569038377194,3.508430764445559
-4.421692493759174,3.5488776905270805
-4.334187628166367,3.5920080508192695
-4.2450239025623215,3.6359678411170777
-4.153786601944229,3.6811717764233145
-4.062134586323327,3.7280345717407894
-3.9690310681925918,3.776556227069502
-3.874683405053428,3.825907312403834
-3.779091596905835,3.8760878277437847
-3.681840928747005,3.928341918097783
-3.5837608305825555,3.9818401534602104
-3.486510162423725,4.036167818828257
-3.390088924270514,4.090910199199112
-3.294911831125731,4.146067294572777
-3.2009788829893764,4.201639104949252
-3.1082900798614506,4.257625630328536
-3.017260136744763,4.313197440705011
-2.927889053639313,4.368769251081486
-2.8397621155422916,4.42517049146358
-2.752879322453699,4.481571731845674
-2.667240674373535,4.5379729722277675
-2.583260886304609,4.5943742126098615
-2.500525243244111,4.649946022986336
-2.419863175197661,4.705517833362811
-2.3416893971680683,4.760674928736476
-2.2651744791497133,4.814173164098903
-2.189903706139787,4.866427254452901
-2.1162917931410985,4.916815127294257
-2.043716667649434,4.964507352617351
-1.9736298321746264,5.011370147934826
-1.9056165717138664,5.055329938232634
-1.8409210312755826,5.096801438513586
-1.780372640865394,5.136199363780489
-1.7241787579847052,5.17331635653194
-1.6855961076327934,5.1988868189220305
-1.6466390018549961,5.2241691855288455
-1.6105058002005097,5.247788724272687
-1.576747352355317,5.270346212464175
-1.5459379226206862,5.291652236012005
-1.5167915313669504,5.311758570085438
-1.4902767050678063,5.330210408270222
-1.46509682329621,5.3475704509823165
-1.4423092948403435,5.363537222621461
-1.4215337914582657,5.378157021297738
-1.4004952059055265,5.391517290955316
-1.3809801642331707,5.404271215827801
-1.362678332750419,5.416113577375463
-1.3450704047172006,5.4265536762978135
-1.3284584228737741,5.436024058470234
-1.3127442694027638,5.444892442112289
-1.3019880800377668,5.451119709639393
-1.2880261289858368,5.459747881637776
-1.2740249689358298,5.468085651105758
-1.2614416430997595,5.475387087084712
-1.2494281799556919,5.481471828157682
-1.237836975335695,5.48657195819048
-1.2274600226855614,5.490753715228594
-1.2173246457039497,5.494746439494078
-1.2075464547176618,5.498718829582257
-1.1981136294797672,5.5020659611182845
-1.188694794810064,5.504496628129821
-1.1800741316192538,5.506280213617575
-1.1724534541568774,5.506429638665857
-1.1647098299557341,5.505406895846838
-1.1593213552376747,5.5027753151705765
-1.1542859170077282,5.499459294872807
-1.14971312522647,5.495380858959793
-1.1454202660583523,5.490597387315319
-1.1411239770879986,5.485073587210578
-1.1365255437889736,5.478983770138896
-1.1322552569850195,5.472517335835766
-1.1285430559803202,5.4656916759239
-1.1248247071302448,5.458614818435047
-1.121597356805357,5.450845271356613
-1.1190935120698149,5.442141430133062
-1.117538288893034,5.4322119283120776
-1.11656600250508,5.422597096253422
-1.1166701565891262,5.412910766437128
-1.1182220979251707,5.40308180464218
-1.1210496810691335,5.392713999780983
-1.1265634823484378,5.382499908886534
-1.1346111375614034,5.369601612175343
-1.143465459562304,5.3567888873975695
-1.1540515419859878,5.343636481962084
-1.1658824240031302,5.329851876309083
-1.178406633316904,5.315829043658618
-1.1909746868952162,5.302443555701228
-1.204713128017494,5.2882856201935375
-1.2183584914289505,5.274441054396513
-1.2331029468076804,5.259278316595691
-1.2484587771501383,5.2441314091150355
-1.2642541333947483,5.22874900336048
-1.2800880918049775,5.2135279723725825
-1.2961467981626906,5.198082974538094
-1.3124798126256378,5.182952390587756
-1.3289600588577997,5.1672859836757015
-1.345270554662056,5.151587131464105
-1.3617233914324713,5.136137516447983
-1.3783796238506727,5.121106282314484
-1.3946351137294395,5.106255587857339
-1.412588027181455,5.090075801659843
-1.4303673907804597,5.073852132375752
-1.4477036581332385,5.058490882822657
-1.465513023324458,5.04375967951634
-1.483555950690164,5.029457359043524
-1.501858930064004,5.016165909736331
-1.52033068313049,5.003996284186646
-1.5382538449377061,4.992950614700804
-1.5564647559020686,4.982396564028275
-1.5748614587399243,4.972268042241141
-1.593423833216206,4.962674005994973
-1.6121628822313345,4.953720904798856
-1.6300552335231464,4.94556994476592
-1.6483061580630165,4.938701317250914
-1.6670143827664416,4.932194108658419
-1.684590426333721,4.926786095253102
-1.7020891276616297,4.921840810095215
-1.7189986118251577,4.917331614318274
-1.735839033394146,4.913589298414054
-1.752683339168124,4.910407596212303
-1.7698997719502494,4.907569722676787
-1.7865553275597037,4.905511170859889
-1.8033419376047737,4.903754432599358
-1.8193255069765282,4.902213847599671
-1.8334035973699594,4.901196154318218
-1.8479472719367147,4.900263867487016
-1.86204429735859,4.899324065792225
-1.8756813167679487,4.898363712312693
-1.8896393040604447,4.8973220714699695
-1.9025089555744978,4.896096390373393
-1.9146830301593156,4.89430021543465
-1.926314064553657,4.892094329601241
-1.9376717371090246,4.8892032856780565
-1.9473603229421204,4.88559381252455
-1.9584873893334234,4.880148652375614
-1.9679475736234984,4.874128535100112
-1.9781155488961477,4.8656965556057195
-1.98657988326401,4.85765543795625
-1.9952573487342957,4.848310475142096
-2.004028930151568,4.836858688291768
-2.0127171063856624,4.824550438626801
-2.020645394473927,4.812217546045057
-2.0285023100718242,4.7991226867152275
-2.036017634784637,4.785553350428204
-2.044508470638114,4.769043391824221
-2.0518624629607447,4.753284836847155
-2.0588655088528496,4.736807081806908
-2.066182210469331,4.717517595727093
-2.072620271447625,4.699209359820069
-2.0821309960082144,4.681347755157498
-2.091445763997758,4.662019611579194
-2.100478086327753,4.64140738882613
-2.109280518083127,4.619864595319555
-2.117259517186339,4.59797934063646
-2.124695802514893,4.575670484650797
-2.128071318110365,4.551141737990368
-2.13083080456681,4.520511438323829
-2.1326060621773912,4.495435924574368
-2.1341627852342615,4.470528355664443
-2.1357160160764095,4.445232881949459
-2.136811231047518,4.420042937613968
-2.1376036614884155,4.38860986345836
-2.138441275078174,4.354546910808183
-2.1390766825509084,4.32807159944424
-2.140176593270811,4.29342441176731
-2.1415479579709267,4.258317475444343
-2.144019037696417,4.221800408389871
-2.1493784535420986,4.178627336299661
-2.155521052354337,4.136745980761671
-2.1622639118421936,4.091891306777234
-2.1695600568170224,4.053221738410641
-2.1815656209029726,4.013843488208724
-2.2018886565195883,3.966515871019345
-2.224124424279658,3.9193972202896736
-2.2462254296284296,3.8684809801190854
-2.264568996226675,3.8218577483485454
-2.284367443042393,3.770869967508066
-2.305769878100338,3.7157943679589547
-2.3287307621842395,3.658392157749201
-2.3511460066454797,3.602779652503593
-2.371306281339446,3.5519961757428424
-2.394457422378471,3.493092639681526
-2.4166828294483618,3.434787026329345
-2.4386696988974963,3.37796381827249
-2.460656568346631,3.321711697733795
-2.482357894036686,3.2654595771950996
-2.5102695159571193,3.1893717311380274
-2.5368869965502174,3.1147678066587807
-2.5635044771433155,3.0397889880866735
-2.589747063643553,2.9648101695145663
-2.6159896501437907,2.889831350942459
-2.6418573425511678,2.8144776382774914
-2.666975246772824,2.7391239256125237
-2.691343362808759,2.6626455306689745
-2.7160863729375544,2.585417347539704
-2.7412042771592104,2.5066895880389914
-2.7663221813808665,2.426087358073976
-2.7914400856025225,2.3436106576446583
-2.8173077780098996,2.258134804472456
-2.842800576324416,2.171534269021672
-2.8686682687317933,2.083434157199446
-2.89416106704631,1.99533404537722
-2.9189040771751054,1.907233933554994
-2.941772616839598,1.819133821732768
-2.941772616839598,1.819133821732768
-2.9972138497081575,1.7573512713792423
-3.050400355501925,1.704342646875755
-3.0955160445884427,1.6634419183613343
-3.1370297262704514,1.6309330426324085
-3.1734544898548958,1.6109998058676929
-3.203902124291766,1.6013119221832341
-3.2328095205370744,1.6008399646935147
-3.2593862055621337,1.600603727493292
-3.2802310288573326,1.6063419091869142
-3.2952750897564473,1.6121997736078084
-3.3042230442134253,1.6210344628184956
-3.3051278223350806,1.6284988823221507
-3.303773257093729,1.63756404970658
-3.3013667381180465,1.6430789890258526
-3.2983585893984433,1.6512009905687814
-3.2954507123028267,1.659423263735697
-3.2928436500791705,1.6671441787826786
-3.2896349581115936,1.675466723573581
-3.28632599452003,1.6846917129803642
-3.2832175741764402,1.6943177888830947
-3.2801091538328504,1.7049465810256927
-3.2766999186173003,1.7177813488959999
-3.2737920415216837,1.7322204627500954
-3.2716863374179614,1.748464465835953
-3.2691795468182923,1.767114987897493
-3.266672756218623,1.787570399190795
-3.264466780490914,1.8095298848438985
-3.2625616196351657,1.8329934448568037
-3.2600548290354965,1.8576602643575504
-3.2566594210188966,1.8921576098062054
-3.2544917052833737,1.915395522491011
-3.2520437947217244,1.9405999349405867
-3.249588880581433,1.9686841527055208
-3.247133966441141,1.9973575498641247
-3.244569508041622,2.0279258939863922
-3.2426205196579874,2.0589045514525828
-3.241081844618276,2.0907038356066194
-3.2397483262505262,2.1231185897765408
-3.2386199645547378,2.1561488139623464
-3.2379019162028726,2.189384194820114
-3.2375941811949303,2.2232350456937655
-3.237286446186988,2.257291053239379
-3.2375941811949303,2.291552217456954
-3.2384148078827764,2.3263262733544328
-3.2392354345706225,2.3615106425958348
-3.24026121793043,2.396900168509198
-3.241902471306122,2.4327000077664844
-3.2435437246818144,2.468910160367694
-3.2451849780575066,2.5055306263128263
-3.246826231433199,2.5419459355859972
-3.2482623281369296,2.5785664015311296
-3.249903581512622,2.615597180820185
-3.251544834888314,2.652627960109241
-3.2530835099280253,2.689761317734277
-3.2546221849677366,2.727099832031275
-3.256160860007448,2.7646435030002343
-3.2574943783751977,2.8025974873131165
-3.2588278967429476,2.8407566282979606
-3.259956258438736,2.8789157692828047
-3.260879463462563,2.9170749102676488
-3.2620078251583515,2.9554392079244542
-3.2627258735102167,2.9935983489092983
-3.263443921862082,3.0315523332221805
-3.264161970213947,3.0693011608631013
-3.265085175237774,3.1066396751600993
-3.266418693605524,3.143567876113174
-3.2679573686452352,3.179880607050364
-3.26990635702887,3.215372711299708
-3.272470815428389,3.2498390321892443
-3.276061057187716,3.2830744130470118
-3.2810873956507733,3.3152840105449712
-3.2891910841932535,3.3458523546672385
-3.2975187886964643,3.3797956565664022
-3.3045447717409573,3.411462059020456
-3.3108460614361355,3.4462691830509646
-3.3127562952471727,3.477924486205293
-3.3139662418242968,3.514409029146261
-3.3140662825280516,3.5566262061307397
-3.313454180201538,3.5958007550276103
-3.311663972187682,3.6402732909507654
-3.3106337632609955,3.683729376585559
-3.3100120441649854,3.724940470949642
-3.3100120441649854,3.7655618163108455
-3.3105414313871315,3.8057952451939596
-3.3114071776376828,3.844926975718876
-3.3121894283169926,3.883691842715778
-3.3126235542518616,3.922068575358187
-3.3127072829630513,3.9590766657039813
-3.312019609940305,4.00950602070537
-3.3101696096132325,4.0603810296998715
-3.3071537296876294,4.1114189976716125
-3.3025421899097065,4.162145935228767
-3.297173324181427,4.204329880236676
-3.290368594749731,4.244606522008065
-3.2811438542018903,4.285647204445399
-3.2698452122809885,4.326510626059328
-3.2570303258451148,4.367405190126748
-3.239890650073985,4.417202896759085
-3.2212449248526984,4.466614068595494
-3.1982178850488285,4.520430071732628
-3.172603537401827,4.57243495937957
-3.1466971322136446,4.618068260261506
-3.1184473480475554,4.661770917817592
-3.088226784684178,4.703784871761799
-3.0537574978055613,4.7465374756422545
-3.0128223273788124,4.7952255192558875
-2.969096122604785,4.8485652867816516
-2.9275407223230854,4.9071770080744965
-2.886915666823812,4.971680912989374
-2.8447400366871616,5.03091286413717
-2.7997733722032327,5.086113321227786
-2.768106969250731,5.122812794848235
-2.736695482892876,5.1575091425245585
-2.7054974987128104,5.189726668671293
-2.672884347516402,5.221326989085204
-2.6404923400364475,5.251585391282048
-2.6063622340123223,5.282704017362868
-2.5719024100350225,5.312980856926739
-2.5368450168558043,5.343456886224582
-2.500990864740695,5.374530484724344
-2.4647383331576393,5.405604083224106
-2.428485801574584,5.436677681723868
-2.3922332699915283,5.468348849425548
-2.3561799281424456,5.500617586329147
-2.3201265862933633,5.53388227190261
-2.2846708136461995,5.567744526677991
-2.249812610200954,5.602204350655291
-2.215551975957627,5.637660123302455
-2.1822872903841644,5.673514275417564
-2.1453867233325834,5.7151689032549315
-2.1098444593626553,5.758181834173953
-2.0754341146274387,5.8025530681746265
-2.0417029214330484,5.847603453716127
-2.008877263626427,5.893559374645397
-1.9776362927484012,5.94087359865632
-1.947980008798971,5.989093358055012
-1.917735275900218,6.040771366236346
-1.8888580465721407,6.093514074347958
-1.8607867359403476,6.148680302198264
-1.8267308803431381,6.222152657329281
-1.7951976807160923,6.296255676452839
-1.7665024690554807,6.371304691565208
-1.7412759093538441,6.446669038673847
-1.719833333607453,6.5232947137675685
-1.7018594098200368,6.59992038886129
-1.6870388059953252,6.676861395951281
-1.6772635141109409,6.753802403041273
-1.6772635141109409,6.753802403041273
-1.5943311990918103,6.744815441147565
-1.5180208559943593,6.732044495298611
-1.4472288228316414,6.716277895485089
-1.3813244356111156,6.694992985736833
-1.3229880163010808,6.668032100055709
-1.268750912942562,6.634449242452905
-1.2192437895281,6.594875076920962
-1.1744666460576951,6.548048275474799
-1.1323698245555889,6.496176162088308
-1.0964219769807566,6.441623726733519
-1.0648887773537108,6.382656643430943
-1.0349322377080172,6.31832891619177
-1.0115976699840032,6.2543165209488665
-0.9853787654515066,6.177212242488169
-0.9566632174913426,6.091065598607678
-0.9290811780032905,6.001896265468221
-0.9035772373807764,5.913104768486135
-0.8835519210401358,5.824124353425364
-0.8661714578010892,5.735143938364593
-0.852947192293119,5.646163523303822
-0.8429935420786179,5.552400138283222
-0.8374194979584972,5.458636753262621
-0.8366232059413371,5.364873368242021
-0.8366232059413371,5.364873368242021
-0.8439889071000679,5.279670122405892
-0.8549379223360192,5.197652044638403
-0.8636971345247801,5.116629331892364
-0.8720582007049611,5.039588079232125
-0.8798220478722719,4.964736629619077
-0.8847988729795224,4.892274056057509
-0.8897756980867729,4.824191088590322
-0.8937571581725734,4.757899778161744
-0.8944789978569492,4.728575040983977
-0.8942079462964334,4.699933926089478
-0.8938465442157457,4.673280522638761
-0.8931237400543703,4.647349923349419
-0.890051822368525,4.621419324060078
-0.8857149974002727,4.594223817488329
-0.8808360693109889,4.566124805714861
-0.8754150381006736,4.538387196022081
-0.8698133058500144,4.5106495863293015
-0.8698133058500144,4.5106495863293015
-0.8918588327719635,4.502879441594516
-0.9158017206175231,4.497368059864028
-0.9410095157454895,4.4933022864562915
-0.9656752077524244,4.4906821213713055
-0.9906119513198751,4.489236513048555
-1.0160907980083573,4.488333007846835
-1.0416599952170114,4.487068100564428
-1.0666870893046339,4.485532141721505
-1.0917141833922563,4.4838154818382385
-1.1162895248790192,4.482369873515488
-1.1407745158456102,4.481014615712909
-1.1645367026508258,4.478936553748955
-1.187576085294666,4.4764970897043135
-1.2106154679385062,4.474780429821047
-1.2299459092589298,4.471597505748206
-1.2497018950772527,4.4677763891496
-1.2691326794829283,4.463630071138347
-1.288075661769633,4.458995951008123
-1.3065308419373667,4.453711428052604
-1.3248234213987766,4.447776502271791
-1.343034700507025,4.441435074725169
-1.3612459796152732,4.4347684457659
-1.3793759583703595,4.4280205164534685
-1.3979937392444168,4.421272587141037
-1.4164489194121506,4.4148498592412535
-1.4350667002862079,4.4087523327541165
-1.453847081866589,4.402980007679627
-1.4729526648596172,4.398020686136756
-1.4915704457336745,4.393386566006532
-1.5155956149981449,4.3892303130958
-1.5396207842626153,4.386087780407199
-1.5638486975715116,4.383147991763024
-1.5892930751469634,4.381221923340978
-1.614940196766841,4.37990408705221
-1.6404859463645058,4.379295854918932
-1.667146788206513,4.37990408705221
-1.6934021419596683,4.381323295363191
-1.7200629838016754,4.382742503674172
-1.7470279417103214,4.384769944118431
-1.7743983877078193,4.387000128607116
-1.802377065838595,4.388622080962523
-1.8303557439693705,4.389635801184652
-1.858537166144572,4.39024403331793
-1.8867185883197735,4.389838545229078
-1.9151027545394008,4.387811104784819
-1.9435882927812411,4.384871316140644
-1.9724793191119334,4.380715063229912
-2.000964857353774,4.375545090097051
-2.0294503955956142,4.369158652697635
-2.0581386778818804,4.361555751031664
-2.0866242161237207,4.352736385099137
-2.1145015222322834,4.342700554900055
-2.14217608429642,4.331853748523268
-2.16995201838277,4.319689105857713
-2.1976265804469066,4.306612114992242
-2.2246929103777657,4.292926891993493
-2.251657868286412,4.278734808883679
-2.278825570239484,4.264948213862717
-2.30579052814813,4.251567106930607
-2.3323499979679245,4.238794232131775
-2.359112211832145,4.226426845421794
-2.386279913785217,4.214667690845091
-2.4119437067810963,4.204268607437839
-2.4374925959470595,4.19448594727392
-2.4637567650109977,4.185540904186927
-2.4898649171444522,4.177536945138714
-2.5161982842725203,4.169713263600665
-2.5425172900928876,4.162847435995351
-2.568694253157965,4.157536168127074
-2.594414612082079,4.153564642116733
-2.620099632499754,4.15013997272771
-2.6457173568432797,4.147862841674953
-2.6715050527415984,4.1461563029757995
-2.7005293822256733,4.145520733717024
-2.728990129103087,4.145730003914652
-2.7569538298136123,4.146552465700256
-2.784710967035809,4.14798114188081
-2.8125090257528638,4.150119454089814
-2.8398577775120897,4.152238730056396
-2.8658687901447073,4.154830233160015
-2.891599666049611,4.157412886131883
-2.917608002959545,4.159917392649136
-2.9433094088759297,4.163202534758749
-2.968672037248938,4.166909380444035
-2.9929236775187325,4.170758847153526
-3.0157274271703605,4.174466773926149
-3.0388624270241578,4.178708190566011
-3.0634854607585003,4.182794566377242
-3.086786630411396,4.1866615690004885
-3.113796956614136,4.190987898305689
-3.140512091072409,4.195106971900577
-3.166633217045862,4.199143873187383
-3.1920658897018717,4.2024407011242735
-3.2172630746481032,4.2055020413513855
-3.241983642043711,4.207834170350971
-3.266559624675003,4.209348330418302
-3.2906163697999604,4.209940861086404
-3.3134925564843156,4.209825905374423
-3.335715098593386,4.209484020111207
-3.358352145465125,4.208654390121143
-3.3794373747822597,4.207386971965468
-3.403234835479265,4.2053927713484
-3.424407797064363,4.203119967562429
-3.445971569880126,4.199967369197552
-3.4674450795516174,4.196576815038895
-3.490099156641584,4.192689429029374
-3.5125413597958057,4.1887922799786415
-3.5408639065437946,4.184213185594236
-3.568781887444394,4.180321588256576
-3.596509996175668,4.176749255229847
-3.623990995882421,4.173545948515563
-3.650735600054464,4.171412943274848
-3.676083580276724,4.170310857178228
-3.7018134866638417,4.169831417928778
-3.72841069894984,4.1703270181577095
-3.755018324039272,4.171483871422468
-3.7812954196244877,4.173301783695659
-3.8065809266970536,4.176111284481499
-3.8312748959585967,4.179775550888051
-3.849500328577883,4.182991803703219
-3.865388003755958,4.186043079068544
-3.882954160418526,4.189882040458377
-3.9008456871824406,4.1940847480874845
-3.918870334442679,4.198318725631836
-3.9364339537164943,4.202978461357542
-3.954505962181082,4.207708718606662
-3.972806432090464,4.212498774488984
-3.9905665597200275,4.2174522794741005
-4.008000302155359,4.2223818204385735
-4.025286843846335,4.2270963318088395
-4.042934495070737,4.231842941448506
-4.060237591516089,4.236561967751784
-4.0775190342618854,4.241033390000696
-4.095097124022382,4.245581567071593
-4.1124608782458125,4.250074286695837
-4.129751618758311,4.254856831943975
-4.147118598463328,4.259906804766001
-4.164644365581956,4.265328444953778
-4.183249347705739,4.271351640605363
-4.201820010021241,4.277630929301972
-4.220283508073121,4.284139644442562
-4.237940718828654,4.290364128809621
-4.256645621408708,4.296864414103399
-4.2756958479061185,4.303658550826252
-4.291906936828756,4.309522136181249
-4.307840052335043,4.315453441953662
-4.324384474450366,4.3216123144199505
-4.340569438080444,4.328016436719622
-4.357035459518157,4.334906474058807
-4.373309312684697,4.34184846736761
-4.389319981493416,4.349002170452357
-4.4051239030747436,4.356392493493985
-4.42070610307023,4.363903338096126
-4.435678450593757,4.371334058718913
-4.4501818975037,4.378751852176671
-4.465451769682817,4.38680761151526
-4.480028707631924,4.394879139139972
-4.492363746519561,4.40185111764168
-4.50392521426354,4.408745570883502
-4.515691607845045,4.415714017567694
-4.526254084404247,4.421920833690112
-4.535774738717465,4.427590436820455
-4.544119843081802,4.432315977846043
-4.552024535302818,4.436935603170014
-4.55959156901677,4.441072248266973
-4.566777978251289,4.444911562789525
-4.573514010658569,4.448523638138356
-4.579970751660831,4.451896562542522
-4.5859346188298495,4.454833989655621
-4.591330179622308,4.457399092327446
-4.597074406455475,4.4601299542645245
-4.602221526768593,4.462408187845741
-4.6075461349227895,4.464859197948466
-4.612974686685346,4.467046823285616
-4.61948558902074,4.469454965245283
-4.625911204648429,4.472359695597525
-4.632996542186455,4.4743231023851715
-4.6396792546665955,4.4760500954980165
-4.647299351433239,4.477934635558585
-4.656095607524074,4.480110053731587
-4.665262900691924,4.4822837418023145
-4.674756463121231,4.484257650822269
-4.6832841037169635,4.48589426871438
-4.692145539776569,4.4872934428290545
-4.700728854080438,4.488124086148784
-4.708514532257177,4.4885426709969956
-4.7166653562974785,4.488628469144788
-4.725954435610737,4.488149650623487
-4.735429939704417,4.48747966548555
-4.744371128774302,4.48666683011556
-4.753355207950436,4.485668599095989
-4.762335081599393,4.484670835357217
-4.773309547024611,4.483040964254462
-4.783549896270227,4.481520120307093
-4.794329938776901,4.479740889990457
-4.80547520816886,4.477761823462913
-4.816635711968769,4.475851466956622
-4.828730408908347,4.474094117828649
-4.841055725281418,4.472747654695456
-4.852892922762953,4.471867201990218
-4.865782323047796,4.471133658884576
-4.878639931146,4.4706193545606485
-4.890722201191209,4.470143674637609
-4.902993917248373,4.469456458538408
-4.9169265149540005,4.468469109094702
-4.930305586597658,4.467099597824092
-4.943473964199684,4.465098004428584
-4.9560212788762845,4.462751758594748
-4.9682569885335806,4.460223719409356
-4.980088211921214,4.457493437089133
-4.991351573403367,4.454748584290962
-5.003108106323609,4.451930902847268
-5.014877620626033,4.449155976710924
-5.026455760712157,4.446189676358281
-5.038371331840298,4.443234614718502
-5.050286902968439,4.4404702022167735
-5.062774421510731,4.437896438853095
-5.075672217402404,4.435507958132415
-5.088716014048234,4.433478923098619
-5.1018120440616705,4.4318538682794335
-5.114334525315394,4.430802362219961
-5.126665823649214,4.429942039080392
-5.138614756143225,4.429655264700536
-5.149990139877524,4.429750856160488
-5.160983157772014,4.430228813460248
-5.171680233399444,4.430903403815131
-5.182377309026874,4.431770734271409
-5.192199268739595,4.4325817217706245
-5.202687497665825,4.433463909250401
-5.21278364326771,4.434150055068005
-5.223434008686618,4.434657215326048
-5.234312128078423,4.435175221011372
-5.245592221492688,4.435491485312706
-5.257109742704209,4.435385819980491
-5.2686327793036245,4.435282008839955
-5.28015581590304,4.434970575418349
-5.292076497010551,4.434654097158858
-5.304330167433455,4.433895020230006
-5.320271556088303,4.4323701917499765
-5.335885438482969,4.430573904394838
-5.3479666262445,4.428756380572307
-5.3598339876739685,4.426725030417713
-5.371799120383046,4.424676944638682
-5.39207763598163,4.421205847374059
-5.407165972805302,4.418351297164175
-5.421958750236946,4.415501312521382
-5.436397969937646,4.412667446972646
-5.4553782284691446,4.409010699916119
-5.474198509175217,4.405039448024012
-5.4926866583419125,4.40079904683899
-5.511174807508608,4.396558645653967
-5.5296629566753035,4.392318244468945
-5.545918042314953,4.38852032726342
-5.562173127954602,4.384722410057894
-5.5782206677760655,4.381041781658476
-5.594529506000039,4.377368619896321
-5.611504926056705,4.37432174962974
-5.6284803461133714,4.371274879363159
-5.645382183302731,4.368341502660873
-5.662811438679696,4.3657339762658935
-5.679712741708744,4.363205434867847
-5.697044093335249,4.36084206873696
-5.716874571303283,4.359117679348436
-5.734421313169049,4.355927362645569
-5.753976160455858,4.352764078525644
-5.773316830755433,4.3477186862735815
-5.7934655274127405,4.341878484343927
-5.809632688815534,4.338598190725969
-5.826502770279318,4.336255123856
-5.84431007849109,4.333443443612036
-5.862820306763854,4.330163149994078
-5.881564841723614,4.326648549689123
-5.907219442616513,4.325157003125582
-5.934921868067029,4.326646380837976
-5.963517920144982,4.328731509635326
-5.993313961956841,4.3314402407091315
-6.024012914126635,4.334148971782937
-6.055614776654364,4.336556732737431
-6.087517609301405,4.3389644936919245
-6.1203233523063805,4.342275165004353
-6.154332975788603,4.346187776555405
-6.188041629151514,4.3501003881064575
-6.222954162991672,4.356119790492691
-6.257565726712518,4.362139192878925
-6.2930802007913,4.368158595265159
-6.312013050159095,4.371314070159792
-6.331651401050213,4.374397778150959
-6.3515120802549685,4.378016120516198
-6.3722589407937065,4.381405049926908
-6.392449006725785,4.383878931523329
-6.413820301914979,4.386159662630476
-6.435391679433428,4.388408416271395
-6.457512049565032,4.390174681567075
-6.479683795892169,4.391420285293319
-6.503109648553648,4.392535802086723
-6.526672488237438,4.392958075199336
-6.559303575898175,4.39307257024376
-6.592821274006082,4.392957389150606
-6.618681316454503,4.392163053375739
-6.650804552463872,4.391189621981516
-6.684684354701246,4.389726374708806
-6.719660360951539,4.387561735885498
-6.7490342886587955,4.385185204517597
-6.779112097938188,4.38218709491097
-6.809192724278651,4.378779904225157
-6.844877792524799,4.3742466219398155
-6.881171540490111,4.368926691456301
-6.91771391516384,4.36277599472904
-6.955261427768085,4.355366953780376
-6.993204371868882,4.347006644063251
-7.030815676764223,4.338088499603531
-7.067638427166153,4.32832982016839
-7.102968104965772,4.317588562815392
-7.134075294424531,4.307061795279918
-7.167710614153907,4.294794796319794
-7.195391154046831,4.284097535883086
-7.227620626014205,4.270548002770272
-7.254266727114875,4.259064536605548
-7.278695037677523,4.247549870393199
-7.301511229268345,4.236296635626685
-7.323817781183954,4.224886371743586
-7.345117426370981,4.213370295637681
-7.366096932831013,4.201071964264559
-7.386087343922055,4.1886676578952455
-7.403146810077328,4.177384942184086
-7.4238941019045726,4.162986548402338
-7.443256584177379,4.149032580730874
-7.461089890071566,4.135162231702062
-7.4757737515771705,4.123467898886221
-7.49520539297794,4.106724912270464
-7.514441975067927,4.089474041880089
-7.532764452949052,4.072135321200635
-7.549157304277084,4.056188533854319
-7.566509419717007,4.0388364184143954
-7.583318342854292,4.0222693502862805
-7.599467336180649,4.005881112614348
-7.615121776296694,3.9895096752410795
-7.630255591884029,3.97318422063112
-7.6452051498049824,3.956810895289123
-7.659642756944051,3.9407299832724374
-7.673695275616586,3.9243156967557797
-7.688529913560061,3.906738520705107
-7.70302524716692,3.889563377523871
-7.717309966038369,3.8721042766809894
-7.731575332890138,3.8544249758817877
-7.745356946272268,3.837048159008668
-7.759528250801694,3.8192431866511836
-7.773511483759345,3.8018553404516693
-7.7880914360460975,3.7845338586751
-7.802611830788353,3.7677795570494204
-7.816464437160721,3.7509317925424863
-7.829837920290647,3.7356306001325708
-7.841555611885278,3.7228759446800073
-7.853307977040159,3.7104995601363715
-7.86668235991459,3.696643217518718
-7.8795735565263785,3.68278819312287
-7.892604403614078,3.669757346035171
-7.905735673808133,3.6571079573161267
-7.919616160380194,3.644246222052107
-7.93305715562796,3.6320853215898423
-7.945485064208369,3.6210777454186225
-7.9586443737098875,3.609451559354174
-7.97177473075043,3.5983608694267253
-7.985092441481813,3.5873705256192734
-7.998249056114895,3.577024061684519
-8.01147364013585,3.5666241460952235
-8.024588374802422,3.556310616891415
-8.037526516845892,3.545934483173384
-8.050254163546253,3.5357780782306723
-8.062976849303674,3.5253686080655102
-8.075414255913849,3.514726291069175
-8.087377393879327,3.503534968456308
-8.098296470538752,3.4928507106497735
-8.110343087792725,3.4802859593203612
-8.122418009794403,3.466912658608824
-8.13335206727454,3.4540974729600613
-8.145681809589899,3.4391719954204167
-8.157819148210155,3.4239683817803064
-8.169021164688493,3.4094647183399314
-8.180063926693318,3.3943848175376434
-8.192189462401778,3.377304761862285
-8.20299647543859,3.3612723798845967
-8.21402292506393,3.3445548594848895
-8.22503311039922,3.3276252196682603
-8.236981996044646,3.3084813061073093
-8.248042317156223,3.29090121676154
-8.259471082487817,3.272874401341604
-8.271009155533463,3.2548097415226627
-8.282699691941259,3.2365063764397486
-8.294324749356512,3.218305528971422
-8.306262207449356,3.199749282233042
-8.317857802242475,3.1819540625010267
-8.329432362547308,3.164649521847266
-8.340693057770077,3.1481411239964117
-8.352406004830481,3.1320495051377244
-8.364418765665851,3.115848809332224
-8.376900307762257,3.10005358349341
-8.390085373027315,3.0836582414681644
-8.403668612784337,3.067335524785357
-8.417547086994292,3.0509336916281375
-8.43187438536734,3.0347724990633393
-8.445880594803317,3.019222298035995
-8.46191280552508,3.001966254434709
-8.474156256982884,2.98880224271692
-8.486578997001063,2.9756540872232273
-8.502420290792477,2.958913996620953
-8.52023603714729,2.939869578103739
-8.538143673387449,2.92074373531663
-8.556479920507737,2.901193167194998
-8.576850096372292,2.8792459454570576
-8.59788436268009,2.8563596053863103
-8.619564643532906,2.832861815959006
-8.641898399338812,2.8082043167744506
-8.66511062393937,2.7821391930609742
-8.688309991300505,2.754838280089031
-8.712716289925352,2.726132426266024
-8.738816362226927,2.6953577141492397
-8.766327504845961,2.661003003714526
-8.793748612843672,2.625396490344364
-8.820013586317016,2.59041923298718
-8.846939404026186,2.5538677606380156
-8.873188840947147,2.5182523274447868
-8.903568135653668,2.47705300996608
-8.931395338772296,2.439331690183052
-8.960513467078021,2.4000531937025635
-8.994537655185834,2.3535012710613294
-9.02456127652862,2.3111667087495347
-9.055630297941667,2.2670563697063204
-9.086343585185642,2.222913790873887
-9.117093126580388,2.1776052829412196
-9.151689890186947,2.126057494595703
-9.180354200691825,2.082780006186378
-9.206316719782363,2.0431846585386464
-9.235119835947774,1.9979226188501436
-9.26304049740188,1.9527536723278636
-9.304849714156873,1.8835021125290536
-9.346336079817233,1.8132819994463443
-9.368504738076995,1.7745955173851922
-9.390707853424601,1.7348040518406591
-9.419083288390668,1.6815858665830137
-9.44088284220501,1.6403505659944393
-9.462010376056993,1.6003864356961102
-9.483705283720129,1.5603146650712587
-9.508245772808703,1.5209318183208675
-9.540820579870978,1.4684315279009115
-9.572112512383507,1.4136415642823188
-9.605673372460604,1.3566491218968477
-9.635623210662615,1.3084965551763004
-9.669339876363853,1.2560878432266571
-9.708032726803976,1.1995776664670286
-9.746435570613944,1.146594759922429
-9.784278752018162,1.0972062011406527
-9.820208452664554,1.0528648648914274
-9.858349965910707,1.008681131725092
-9.902774543499799,0.9597992386588325
-9.947931158625952,0.912176733286882
-9.984010562809358,0.8755944802646825
-10.017472195709146,0.8435618138944226
-10.053252285940781,0.8114247873954635
-10.081641417813849,0.7874354471780004
-10.109448365514956,0.7653816610702266
-10.136168733846015,0.7455847889868908
-10.156615187643727,0.7314565526717334
-10.182340840655627,0.7150639272641504
-10.204249729819365,0.7018749939864771
-10.228757973634151,0.6886379211239452
-10.249419040181442,0.678616685253702
-10.2677207877855,0.6717983871266998
-10.283636312307744,0.667332880246358
-10.306364711883058,0.662718844242347
-10.321847436678189,0.6602876725803016
-10.335923044752969,0.6588671983709201
-10.352232625950004,0.6573845091711897
-10.364647209113171,0.6565240925163168
-10.375046445567705,0.6546631765191898
-10.387093655520902,0.6518643297623865
-10.396833523998067,0.6490655169815919
-10.405322469777623,0.6454552756730454
-10.415514446775475,0.6403020288763788
-10.42604552272198,0.6350919176186348
-10.436307217950773,0.6306086527128509
-10.455876284713604,0.6230278430659889
-10.476514388512136,0.615669910407382
-10.488036175853969,0.6113129320008064
-10.499392076889563,0.6071393957227674
-10.514473551891903,0.6016897871084766
-10.535807606410476,0.5950565096531221
-10.55821732754343,0.5894988988121493
-10.581702715290765,0.5842998435093039
-10.605578308303038,0.5794529186120755
-10.63025906534245,0.5748824080492213
-10.655671104071919,0.5710431791764238
-10.681517448925279,0.5675102255633746
-10.708273411355785,0.5650778653424194
-10.736932009681896,0.5625774507233628
-10.765067579343201,0.5601226694777456
-10.79358080765768,0.558423205538472
-10.822094035972158,0.5574790589055423
-10.850984922939809,0.5572902295789564
-10.869358838246043,0.5578753861173714
-10.888495742861135,0.5589451509716312
-10.908663455851876,0.5604965135093806
-10.929183174074895,0.5622756798292955
-10.950772495165701,0.5645419621537449
-10.973672538537283,0.5668687045283975
-10.997612365791507,0.5694735561985463
-11.022526843105373,0.5728202770317521
-11.049290765334987,0.576790045400738
-11.076575962294163,0.5814856374355729
-11.105227077143372,0.5872158604054148
-11.135643750378694,0.5939312298210054
-11.166850467074674,0.600646599236596
-11.199014489986148,0.607453093711638
-11.231502641051751,0.614597790833949
-11.264260403329516,0.6214728767440973
-11.297097365287367,0.6281492714990133
-11.330665617487513,0.6345888953904698
-11.36433103728329,0.6408232323896877
-11.399474362767638,0.6473852641191304
-11.436925239681901,0.6541232879991027
-11.474158045443923,0.6608220773203034
-11.511182242040832,0.6666022261561078
-11.547569594250865,0.6718004193289695
-11.583249262378455,0.6763586148166353
-11.618115024477609,0.6803027055518336
-11.652222901036426,0.6832891094901632
-11.685494186185462,0.6853586152649837
-11.717372315951524,0.6864687988886774
-11.747485956639553,0.6872571140899347
-11.776445912672823,0.6880483697192591
-11.801920935249681,0.68878464204807
-11.82759685912762,0.6898872890857729
-11.853850330073657,0.6910578260069338
-11.87739337324498,0.6924798890172822
-11.899772856811559,0.694201387753173
-11.921207721923924,0.6959224353169394
-11.943375541810939,0.6977558640293994
-11.963244398540573,0.6991420633361181
-11.982798772816063,0.7002198634930349
-12.0000942734274,0.7012041602757939
-12.01710170786259,0.701625832203939
-12.033428760971878,0.701625832203939
-12.049287137233028,0.7010594616231837
-12.064397565359473,0.6999297099875617
-12.078564691774702,0.6982464870471384
-12.092783694241518,0.6959484664464407
-12.107005214406342,0.6928507095788552
-12.121167634857073,0.6892049379776768
-12.135530163175316,0.6853005613474747
-12.148586648652325,0.6809906535201125
-12.161182852990985,0.6761557468042628
-12.173779057329645,0.6713208400884132
-12.186629730442824,0.6662314645980452
-12.199480403556004,0.6606331515586403
-12.212556704109202,0.6542931270479987
-12.225849972461331,0.6478479060287847
-12.238981181718252,0.641481259116338
-12.252112390919805,0.6353798891843029
-12.264825462403483,0.6302946605908316
-12.276980787355782,0.6260202606076053
-12.288357234950531,0.623143457767554
-12.299326052913615,0.6212932957014916
-12.31011167049813,0.6204943610656016
-12.320418259859123,0.6202266574458356
-12.330189441928612,0.6202266574458356
-12.340215225844153,0.621028720159079
-12.35019968177924,0.6218274766338858
-12.360082667512028,0.623408754351132
-12.370427493554113,0.625558328593643
-12.381295458205178,0.6285848503952058
-12.39241081336821,0.6322430685501275
-12.403082082418445,0.6359319022958875
-12.414889413345318,0.6400134487891274
-12.424691504721931,0.6440870452053823
-12.434282586764006,0.6481792402100011
-12.443756573291276,0.6524741141023637
-12.453748636786091,0.6572703045798751
-12.463185347275884,0.6623209383631439
-12.472373095581327,0.6676471692648499
-12.480936459663123,0.6726534436511309
-12.490421135135373,0.6777721573980595
-12.49953220366795,0.682850457891627
-12.508987397828925,0.687653096195614
-12.518416145841087,0.6927416268688443
-12.527532248324555,0.6984205103831356
-12.536308395975027,0.7049654340546742
-12.543569794165844,0.7115667051372351
-12.550831192358565,0.7184320270648993
-12.557300438021171,0.7255613998359352
-12.56244942946692,0.7332188742937144
-12.56627816669581,0.7416685012816087
-12.56878664970784,0.7509102807996181
-12.570238929346385,0.7606801620043709
-12.5701069039247,0.7712421957392389
-12.569446776816271,0.7820682803174785
-12.567466395490984,0.7931584157390899
-12.564957912478953,0.8042485511607012
-12.562449429466922,0.8153386865823125
-12.559412844768147,0.8272209745340389
-12.555584107539257,0.8396313641725087
-12.551755370310367,0.8525698554977219
-12.547662582238106,0.8663004993530502
-12.542777641635729,0.8810873465818653
-12.537892701033352,0.8969303971841672
-12.533007760430975,0.913829651159956
-12.52706661645511,0.9317851085092315
-12.520597370792505,0.9510608200753654
-12.514128125129899,0.9713927350149862
-12.508186981154035,0.9927808533280938
-12.500133430431198,1.0168094800749183
-12.492872032238477,1.040838106821743
-12.486402786575871,1.0646026827251958
-12.479933540913265,1.0883672586286486
-12.47346429525066,1.1118677836887298
-12.467523151274795,1.1353683087488111
-12.461317956455561,1.159132884652264
-12.455640863323069,1.1831615113990885
-12.449963770190577,1.2071901381459131
-12.444550727901456,1.2322749682662244
-12.439401736455707,1.2586800526033943
-12.435572999226817,1.2858772894706794
-12.43336251836081,1.306252156583448
-12.43153414243173,1.3296983890857628
-12.43035107565409,1.3533597246385576
-12.42938311192693,1.3772361632418324
-12.42884535430073,1.4008974987946272
-12.42916800887645,1.424343731296942
-12.43099638480553,1.447144654647817
-12.433900275987009,1.469515371897732
-12.436804167168487,1.491670986097167
-12.440353367501407,1.5133963941956423
-12.443902567834327,1.5351218022941175
-12.447451768167246,1.5566321073421128
-12.451000968500166,1.577927309339628
-12.454119962732126,1.5992225113371432
-12.457023853913604,1.6198724041832187
-12.460142848145564,1.6398769878778543
-12.462916072534778,1.6574726184852797
-12.46590374388103,1.6746276346024664
-12.468896363700528,1.69161799228736
-12.472076575376592,1.7080009009216313
-12.47566814130397,1.7243085516189138
-12.479688589078409,1.7403903427166676
-12.484107258191127,1.7561011662285548
-12.488954276754804,1.7715324906353647
-12.494027348636422,1.7860816779184958
-12.499895386877341,1.8007036748466891
-12.50627919863252,1.8149957907164895
-12.513279159131397,1.8293792711936352
-12.520939541491385,1.8441182347217155
-12.529177211497794,1.8599833769562821
-12.537538577664453,1.876293202318407
-12.54549505550488,1.8934461285717932
-12.553330484313644,1.9111521625032881
-12.561116298739732,1.9293527676551816
-12.568706091272922,1.9483778476050437
-12.576026130790602,1.9676305542816788
-12.582945072252517,1.987284359014077
-12.589663464686552,2.0073392618022385
-12.596181308092705,2.0277952626461633
-12.602298053443095,2.04845181251797
-12.60801370073772,2.0691083623897764
-12.613528799004465,2.090166010317346
-12.61904389727121,2.111424207272797
-12.624358446510072,2.132682404228248
-12.629472446721053,2.153740052155818
-12.634586446932033,2.1747977000833876
-12.639700447143014,2.195454249955194
-12.644814447353994,2.2161107998270007
-12.650329545620739,2.2365668006709254
-12.656045192915364,2.2568222524869683
-12.662161938265754,2.277278253330893
-12.668679781671907,2.297734254174818
-12.675398174105942,2.3183908040466243
-12.68251766459574,2.3392479029463122
-12.689637155085537,2.3605060999017633
-12.697157743631097,2.382165394912978
-12.704678332176657,2.404426337007837
-12.7123994697501,2.4270883771584595
-12.719401367492287,2.446624536290983
-12.726403265234474,2.466333581787511
-12.733405162976661,2.4862155136480437
-12.740407060718848,2.506270331872581
-12.74758184482504,2.5263251500971187
-12.754929515295236,2.5465528546856606
-12.762450072129438,2.5667805592742026
-12.76997062896364,2.587181150226749
-12.777318299433835,2.607927513907305
-12.784665969904031,2.62901965031587
-12.792013640374227,2.6504575594524447
-12.79929149100713,2.671203616428998
-12.806970019614225,2.692772517010726
-12.814805144596008,2.7147812950494408
-12.822981266155322,2.7367601164454456
-12.831509048856972,2.7589147684126183
-12.84088562404143,2.782495462440859
-12.850262199225888,2.8060761564690995
-12.860040572822774,2.8311641048893907
-12.86981894641966,2.856252053309682
-12.879399777115598,2.8815375446309206
-12.888783064910589,2.906823035952159
-12.897771266903685,2.9321085272733978
-12.906561925995835,2.9573940185946364
-12.915155042187036,2.9824819670149276
-12.923550615477291,3.007372372534272
-12.931946188767546,3.031867692251722
-12.9403417620578,3.0561654690682247
-12.948539792447107,3.080068160082833
-12.956737822836415,3.103575765295547
-12.964935853225722,3.126885827607314
-12.972936340714082,3.1501958899190807
-12.980936828202442,3.1731108664289533
-12.988739772789854,3.196223385839773
-12.996542717377267,3.2193359052505923
-13.00434566196468,3.242250881760465
-13.012148606552092,3.2653634011712844
-13.019754008238559,3.288475920582104
-13.027754495726919,3.3115884399929234
-13.035952526116226,3.33489850230469
-13.044545642307428,3.358603650418351
-13.05313875849863,3.3821112556310653
-13.061929417590779,3.4060139466456736
-13.070720076682928,3.430114180561229
-13.079510735775077,3.454609500278679
-13.088301394867226,3.4794999057980234
-13.097092053959376,3.504785397119262
-13.10627779885342,3.530268431341448
-13.115858629549358,3.556146551365528
-13.125439460245296,3.5826173000924495
-13.135020290941235,3.6092855917203184
-13.14479866453812,3.6361514262491346
-13.154577038135006,3.6636098894807922
-13.164157868830944,3.691265895613397
-13.174133785328777,3.7189219017460013
-13.184504787628505,3.746380364977659
-13.194875789928233,3.7738388282093167
-13.20524679222796,3.8012972914409744
-13.21601288032958,3.828755754672632
-13.226581425530254,3.8560166750033424
-13.237347513631875,3.883475138235
-13.248113601733495,3.9107360585657105
-13.259077232736063,3.9376018930945267
-13.270238406639578,3.9642701847223956
-13.28159712344404,3.99054339054837
-13.292955840248503,4.01642151057245
-13.304512099953913,4.042102087695583
-13.315870816758375,4.0675851219177686
-13.327229533562837,4.092870613239008
-13.3385882503673,4.117958561659299
-13.348445723974413,4.1401600787924355
-13.35851389588703,4.16169721175334
-13.368570522196352,4.182859851465128
-13.378436022146179,4.203096774439132
-13.388544625836959,4.22348677846498
-13.398653229527739,4.243531189202254
-13.40824344328566,4.263921193228102
-13.417488063755005,4.284138400609663
-13.426559887580066,4.304355607991225
-13.435631711405126,4.3244000187284986
-13.444530738585899,4.344790022754347
-13.453256969122384,4.365180026780195
-13.461983199658869,4.3852244375174685
-13.470536633551069,4.405268848254742
-13.478533190153767,4.424394633118928
-13.486694624212191,4.443355540527389
-13.494856058270615,4.462316447935849
-13.503182369784765,4.481277355344309
-13.511508681298915,4.499743630385592
-13.523810782350552,4.5255194611604495
-13.537115005497562,4.550929328792575
-13.55086538449815,4.576695804757644
-13.565437279680872,4.602744679332064
-13.580009174863592,4.627246096010975
-13.594323160397062,4.65097378374213
-13.608121326632027,4.674185652174782
-13.621919492866992,4.696107972361176
-13.636233478400461,4.7164828346520595
-13.650031644635426,4.736341877644439
-13.66357190122114,4.755169282039812
-13.677627977105356,4.771933409241172
-13.691684052989572,4.786376349599267
-13.705482219224537,4.801850928554368
-13.718695147850227,4.815717962557566
-13.73176735810023,4.827205662474236
-13.744808193652915,4.838902081990562
-13.758162749260828,4.850669957724268
-13.772526582213956,4.863753845166721
-13.787125128632297,4.877379155157173
-13.801151766910762,4.892655691896094
-13.819606563189497,4.9140984075723395
-13.839760189060867,4.935802312356892
-13.860347866469416,4.958261596802583
-13.882639833287278,4.983997038169545
-13.907556195880428,5.014787990317178
-13.936109000047713,5.046422032344243
-13.967753950475363,5.077084220336251
-14.00024068923205,5.110154553202341
-14.034283678947144,5.144781137026836
-14.065983456518385,5.1773470287393675
-14.099761908028723,5.212338040047513
-14.136203598569017,5.249323636416765
-14.17419774696659,5.290499560788519
-14.214136508248783,5.333625922736429
-14.25577240649167,5.37507342324971
-14.299935283095644,5.415323133572319
-14.345273114459133,5.45418413188388
-14.388390317347673,5.490824501720494
-14.434511679999616,5.521314774938097
-14.474298772725852,5.5434006713085795
-14.513436280264722,5.565486567679062
-14.553342920335007,5.586746873742707
-14.59106176299099,5.601900295246421
-14.629435982708193,5.6160297150586125
-14.668889414080969,5.632343792166343
-14.706973570854956,5.645746800129721
-14.742688417696426,5.658028828907782
-14.778164750852762,5.669801244394638
-14.814185601466361,5.679868207011539
-14.849037009527015,5.6892222645862605
-14.882569464454535,5.6986763487949
-14.915814244439225,5.707170609760151
-14.949130095394121,5.7164815899396855
-14.98192268739165,5.726614923089136
-15.014988965483393,5.737590113264268
-15.047989540597356,5.748451062035953
-15.085323213726793,5.761998302074483
-15.123436252959388,5.7761142425309995
-15.161887321093051,5.79012475318699
-15.200530665962958,5.805212593016675
-15.240726099356577,5.820305131225773
-15.280918568539143,5.834865421948513
-15.320933280331786,5.8502673110158705
-15.360818216159005,5.8659202669631565
-15.400680970518774,5.8809628157781635
-15.440100452311167,5.896730608495121
-15.481304967241329,5.91487844539577
-15.532089402177833,5.937565650006579
-15.571056949929895,5.955409375576547
-15.623102571434412,5.981695043003071
-15.667596507034386,6.0050506636834555
-15.712572165999012,6.02936974963827
-15.755496600401782,6.052807853502641
-15.806725583582171,6.082260602242436
-15.865162589378341,6.116304983997562
-15.923950568182297,6.152104230791612
-15.971054154118844,6.182950826891652
-16.014243736756626,6.212651399479237
-16.057707400588267,6.243679284140918
-16.110448125784323,6.282900555836014
-16.160916332176352,6.321206064288689
-16.212134134283378,6.36084054875298
-16.263976765400976,6.401084963205456
-16.315791028084828,6.44152536334895
-16.36747573680702,6.482144782127907
-16.421785995126214,6.524764276394742
-16.472449917037352,6.563694047454526
-16.52357484081697,6.602699438894016
-16.57765424034901,6.6417319531568095
-16.627852305912583,6.677409917111085
-16.67207975464528,6.707869592546826
-16.716791769701246,6.736851895934903
-16.76015947636132,6.764686756370022
-16.803417352334066,6.791799954985418
-16.847152782479775,6.8179180146780665
-16.890417377808674,6.8432073483373665
-16.938267783174194,6.8705504371176636
-16.984351797260626,6.895809313643171
-17.029570362503502,6.919961663031058
-17.074363929118217,6.943355335803134
-17.11977782569632,6.966750373434279
-17.163511662870757,6.989437301468517
-17.204004978694645,7.010328757403133
-17.250042382554046,7.033945347694644
-17.294165624528883,7.055418658789065
-17.33858302145022,7.076597814936987
-17.38038389165586,7.0959757017872835
-17.42157544392497,7.114498077639835
-17.461966844586684,7.132143467690003
-17.498985624496548,7.147917793149876
-17.53526042658202,7.163084957784917
-17.574048729987997,7.178762460206844
-17.617257288393088,7.195251945393239
-17.654262331057886,7.208066412464442
-17.697087865921446,7.22229114842619
-17.7392366530444,7.235009729803643
-17.781498160635397,7.246495435699454
-17.824103672655927,7.256744184295457
-17.86641714279186,7.266050239583086
-17.90910533584301,7.273864349497533
-17.952047402072964,7.280804481413485
-17.99562933325917,7.286885681113886
-18.03962959305962,7.291790628108035
-18.08379283576465,7.296078321574543
-18.123917842772762,7.299390226914895
-18.163734892934002,7.3019023436443105
-18.204517136078696,7.30391008484528
-18.241854515799826,7.3059405163709
-18.280010268004677,7.3077413778318965
-18.318816363534516,7.309091155067717
-18.358602197329905,7.30999281702342
-18.398794635243828,7.3104431524622315
-18.4400035586256,7.310892296041325
-18.487068301240523,7.311146014330354
-18.537029393982383,7.311411059915192
-18.58806103434057,7.311411059915192
-18.640291923493585,7.311682389209493
-18.692811703324978,7.311682389209493
-18.742961844212694,7.311164041500059
-18.79354417051406,7.309389223033344
-18.848686138285057,7.30691402248502
-18.904768149340068,7.303557493145069
-18.961636614810814,7.299586627725666
-19.014277591499603,7.2950091514918585
-19.069230102552027,7.290230672269908
-19.130032157876798,7.283208912599856
-19.197474172725254,7.27416842803572
-19.26359499980014,7.264696574019482
-19.332342649313876,7.253400926224025
-19.392816210062357,7.242657772165555
-19.45168023219828,7.231955222686296
-19.50843543284756,7.2209814074550165
-19.563818906592925,7.210007592223737
-19.62091703896818,7.203148957704187
-19.676643444439524,7.196633254910614
-19.73099812300696,7.190117552117041
-19.783981074670482,7.183601849323468
-19.835935231156075,7.177429078255873
-19.886860592463734,7.171256307188278
-19.937100090319436,7.165769399572638
-19.985452956203826,7.161449212242761
-20.033059282566786,7.157440258443775
-20.08112245690544,7.154404689538175
-20.128511060376184,7.151875048783509
-20.177727488546903,7.150649016765022
-20.22803267215345,7.1504699947593044
-20.278337855759997,7.151007060776456
-20.328643039366543,7.151902170805042
-20.382477635314356,7.153791103996193
-20.43706780453863,7.156435610463805
-20.49631561428136,7.159305746575909
-20.555153404579507,7.162995921577187
-20.61317115598848,7.166686096578464
-20.671598926842037,7.170376271579741
-20.731666775473943,7.174066446581018
-20.79378472132878,7.1773466021377095
-20.857132725517378,7.180626757694401
-20.92007071026139,7.183906913251092
-20.983828733894573,7.185957010474024
-21.0315615462348,7.18716162403466
-21.08905704330889,7.18787807882686
-21.147158676303683,7.188235627337598
-21.20594535375494,7.187878261517225
-21.264502766614044,7.186816797840021
-21.330440707368293,7.184836679499052
-21.396796858886773,7.181686239070875
-21.462973099956262,7.177758865713636
-21.529430548753087,7.173025991021873
-21.58904716444333,7.168399029804124
-21.65004310437018,7.162969124172653
-21.712752347475753,7.157353371058721
-21.776727645391148,7.151624239902119
-21.84350598449207,7.146172946914288
-21.914065783701304,7.14172505126213
-21.98664735366152,7.13849021806056
-22.065396690614282,7.135943069695511
-22.119970845246815,7.134495479386955
-22.173092464252274,7.133671888394622
-22.22062325029934,7.132946227538942
-22.268974182705026,7.132226362540346
-22.31912731060982,7.131497745670059
-22.37083871776322,7.130760765995663
-22.424269744156877,7.130269446212733
